gateway_id,tenant,site_type,region,hw_model,antenna_type,fw_version,fw_updated_on,installed_on,decommissioned_on,n_meters_installed
06:39:EA:56:02:C1,tenant_a,Außenmast,Niedersachsen,GW-2100,Omni 3dBi,3.3.1,2025-11-25,2023-06-19,,113
0A:56:03:8B:20:D0,tenant_a,Schaltschrank,Bayern,GW-2100,Omni 5dBi,3.3.1,,2026-01-30,,165
0E:5D:FC:F6:5A:D4,tenant_a,Heizraum,Niedersachsen,GW-2100,Yagi 9dBi,3.2.0,2025-11-10,2023-06-26,,154
0E:12:1B:6B:86:61,tenant_a,Außenmast,Nordrhein-Westfalen,GW-2100,Yagi 9dBi,2.15.1,,2023-10-21,,128
06:5B:92:87:16:CD,tenant_a,Außenmast,Baden-Württemberg,GW-2100,Yagi 9dBi,3.3.1,2025-11-30,2019-07-20,,108
0A:68:F3:8A:6A:CF,tenant_b,Schaltschrank,Bayern,GW-2100L,Omni 5dBi,2.15.1,,2022-11-16,,78
06:65:C3:FE:6D:67,tenant_a,Gebäude,Bayern,GW-2100,Yagi 9dBi,2.15.1,,2020-09-06,,169
0E:6A:77:94:AF:C7,tenant_d,Schaltschrank,Hessen,GW-2100,Omni 5dBi,3.2.0,2025-11-26,2023-03-30,,251
0E:6A:CE:6D:31:46,tenant_a,Gebäude,Baden-Württemberg,GW-2100,Omni 3dBi,3.2.0,2025-11-27,2023-03-11,,315
0E:48:5C:CB:F9:0A,tenant_b,Gebäude,Bayern,GW-2100L,Omni 5dBi,3.2.0,,2026-01-07,,118
0A:7A:AF:DD:9E:11,tenant_d,Heizraum,Hessen,GW-2100L,Omni 3dBi,3.2.0,2025-11-12,2020-12-28,,248
0E:6D:D6:46:45:41,tenant_a,Heizraum,Nordrhein-Westfalen,GW-2100L,Omni 3dBi,3.3.1,,2026-01-22,,199
0A:10:20:1A:FE:0A,tenant_c,Außenmast,Nordrhein-Westfalen,GW-2100L,Omni 5dBi,3.3.1,2025-11-23,2020-06-10,,53
0E:F4:37:10:8E:63,tenant_a,Heizraum,Bayern,GW-2100,Panel 7dBi,2.15.1,,2020-10-18,,279
0A:F9:84:6E:92:DD,tenant_a,Kellerraum,Sachsen,GW-2100,Panel 7dBi,2.15.1,,2025-01-23,,169
06:D8:45:98:CC:B4,tenant_c,Kellerraum,Nordrhein-Westfalen,GW-2100,Panel 7dBi,2.14.3,,2024-06-11,,122
0A:33:C8:DF:A4:C1,tenant_a,Heizraum,Baden-Württemberg,GW-2100,Yagi 9dBi,3.2.0,,2026-02-17,,118
06:FF:EC:2E:FA:5E,tenant_a,Gebäude,Nordrhein-Westfalen,GW-2100L,Yagi 9dBi,3.2.0,2025-11-28,2019-04-28,,249
0E:54:3D:41:0B:0C,tenant_a,Schaltschrank,Bayern,GW-2100,Omni 3dBi,3.2.0,2025-11-19,2021-08-08,,157
02:85:52:FA:DE:EC,tenant_a,Außenmast,Bayern,GW-2100L,Omni 5dBi,3.2.0,,2026-02-18,,78
0E:27:28:C4:81:CA,tenant_a,Kellerraum,Nordrhein-Westfalen,GW-2100L,Panel 7dBi,2.14.3,,2020-03-29,,103
0A:71:A8:A7:16:F2,tenant_a,Außenmast,Hessen,GW-2100,Omni 3dBi,3.2.0,,2026-02-26,,125
06:5C:00:3A:8D:0C,tenant_a,Heizraum,Sachsen,GW-2100,Omni 5dBi,2.14.3,,2019-07-19,,267
0E:D0:84:9F:D6:D8,tenant_a,Gebäude,Niedersachsen,GW-2100,Omni 5dBi,2.14.3,,2024-09-20,,80
0E:E0:9E:DA:64:9F,tenant_a,Außenmast,Baden-Württemberg,GW-2100,Panel 7dBi,3.2.0,2025-11-17,2020-02-23,,259
0E:A0:44:7D:A9:1C,tenant_d,Gebäude,Bayern,GW-2100,Yagi 9dBi,2.15.1,,2021-04-12,,134
02:81:7D:5E:40:EE,tenant_a,Gebäude,Sachsen,GW-2100L,Yagi 9dBi,3.3.1,,2026-01-19,,159
02:25:13:88:D3:A2,tenant_b,Gebäude,Hessen,GW-2100,Omni 3dBi,2.15.1,,2022-09-15,,92
02:8B:24:EA:DD:AD,tenant_b,Außenmast,Baden-Württemberg,GW-2100L,Omni 5dBi,3.2.0,2025-11-22,2019-07-27,,211
06:ED:BA:E6:4B:57,tenant_b,Gebäude,Nordrhein-Westfalen,GW-2100,Omni 3dBi,2.15.1,,2021-11-14,,256
0E:8C:F9:CA:52:6F,tenant_b,Außenmast,Baden-Württemberg,GW-2100,Omni 3dBi,2.15.1,,2019-05-21,,40
06:50:9A:84:E8:73,tenant_c,Gebäude,Nordrhein-Westfalen,GW-2100,Omni 5dBi,2.15.1,,2023-03-03,,269
0E:95:11:38:31:76,tenant_a,Gebäude,Niedersachsen,GW-3400,Yagi 9dBi,3.3.1,,2026-03-03,,41
02:5E:88:4A:B4:84,tenant_b,Außenmast,Hessen,GW-2100,Omni 5dBi,3.3.1,,2026-01-23,,100
06:EE:BD:28:32:62,tenant_b,Gebäude,Sachsen,GW-2100L,Yagi 9dBi,3.2.0,2025-11-21,2024-02-15,,99
0E:A5:2A:2A:75:81,tenant_b,Heizraum,Hessen,GW-2100,Omni 5dBi,2.14.3,,2022-10-29,,144
02:31:4F:9A:91:68,tenant_a,Außenmast,Niedersachsen,GW-2100,Omni 5dBi,2.15.1,,2022-01-16,,194
02:17:82:0B:FF:B2,tenant_a,Heizraum,Nordrhein-Westfalen,GW-2100L,Omni 3dBi,3.2.0,2025-11-07,2019-03-04,,162
02:79:D2:AC:6A:CE,tenant_a,Heizraum,Baden-Württemberg,GW-2100,Omni 3dBi,2.15.1,,2022-08-24,,295
02:30:15:60:2F:AA,tenant_a,Kellerraum,Bayern,GW-2100,Omni 3dBi,3.2.0,2025-11-18,2020-12-12,,179
02:42:3E:0E:6E:9F,tenant_a,Heizraum,Baden-Württemberg,GW-2100,Omni 5dBi,2.15.1,,2021-03-19,,297
02:89:69:4A:6E:5B,tenant_b,Gebäude,Niedersachsen,GW-2100,Panel 7dBi,3.2.0,2025-11-21,2021-09-16,,155
0A:7C:CA:B2:93:81,tenant_b,Heizraum,Sachsen,GW-2100L,Panel 7dBi,3.3.1,,2026-01-23,,213
0A:6C:57:1A:15:50,tenant_a,Gebäude,Bayern,GW-2100,Omni 3dBi,3.2.0,2025-11-09,2024-03-05,,198
0E:EC:B1:08:FF:91,tenant_a,Außenmast,Niedersachsen,GW-2100L,Omni 3dBi,3.3.1,2025-11-12,2023-07-15,,138
02:32:57:D2:93:66,tenant_a,Heizraum,Nordrhein-Westfalen,GW-2100L,Yagi 9dBi,2.14.3,,2020-03-26,,221
02:3A:D5:20:4E:1C,tenant_a,Schaltschrank,Nordrhein-Westfalen,GW-2100L,Yagi 9dBi,3.2.0,2025-11-07,2020-06-15,2025-11-23,90
06:AA:A2:8A:5D:6B,tenant_b,Außenmast,Niedersachsen,GW-2100L,Omni 5dBi,3.2.0,2025-11-10,2020-03-12,,172
0A:78:FA:F4:7B:00,tenant_d,Gebäude,Nordrhein-Westfalen,GW-2100,Omni 5dBi,3.2.0,2025-11-24,2024-05-01,,82
0E:EA:98:D1:BF:DB,tenant_b,Schaltschrank,Bayern,GW-3400,Omni 5dBi,3.2.0,2025-11-07,2019-12-26,,587
06:CE:0F:3C:FB:3C,tenant_a,Gebäude,Sachsen,GW-2100,Yagi 9dBi,3.2.0,2025-11-13,2022-01-08,,61
0A:BC:8E:60:F4:C1,tenant_a,Gebäude,Nordrhein-Westfalen,GW-2100,Panel 7dBi,2.14.3,,2020-05-09,,81
0E:5A:9C:EA:80:93,tenant_b,Kellerraum,Bayern,GW-2100L,Omni 5dBi,2.14.3,,2023-09-07,,366
0E:41:CF:7F:74:D5,tenant_b,Heizraum,Nordrhein-Westfalen,GW-2100L,Omni 3dBi,3.3.1,2025-11-25,2024-05-11,,380
02:F5:CE:77:05:EC,tenant_a,Gebäude,Hessen,GW-3400,Omni 5dBi,2.14.3,,2025-02-15,,387
06:C0:F2:7E:81:0B,tenant_a,Kellerraum,Hessen,GW-2100,Omni 5dBi,3.3.1,2025-11-25,2021-12-28,2025-12-25,110
02:89:2F:51:E1:CB,tenant_a,Schaltschrank,Niedersachsen,GW-2100,Yagi 9dBi,3.2.0,2025-11-20,2021-09-18,,127
0E:B6:B3:1D:8A:FB,tenant_a,Außenmast,Sachsen,GW-3400,Omni 3dBi,3.2.0,2025-11-10,2021-05-06,,196
06:EF:D6:1B:80:ED,tenant_a,Gebäude,Sachsen,GW-3400,Omni 3dBi,3.3.1,2025-11-09,2023-08-10,,154
0E:21:C2:39:D8:65,tenant_b,Gebäude,Nordrhein-Westfalen,GW-2100,Panel 7dBi,2.15.1,,2021-06-16,,274
06:4E:66:B5:36:7B,tenant_a,Außenmast,Nordrhein-Westfalen,GW-3400,Omni 3dBi,3.2.0,2025-11-30,2023-07-09,,208
0E:20:A1:1B:E4:E6,tenant_a,Außenmast,Baden-Württemberg,GW-3400,Omni 3dBi,3.3.1,,2026-03-11,,625
02:5B:7A:D3:52:CF,tenant_d,Kellerraum,Baden-Württemberg,GW-2100,Panel 7dBi,3.2.0,,2026-02-21,,136
02:DC:03:A0:F1:E6,tenant_c,Heizraum,Baden-Württemberg,GW-2100,Omni 5dBi,3.3.1,2025-11-23,2023-06-10,,156
0A:42:B2:DB:63:70,tenant_b,Gebäude,Bayern,GW-2100L,Panel 7dBi,2.14.3,,2024-10-11,,114
0E:8F:6B:8B:49:E5,tenant_c,Gebäude,Hessen,GW-2100L,Yagi 9dBi,3.2.0,,2026-03-07,,261
0E:E9:49:79:50:EE,tenant_b,Heizraum,Baden-Württemberg,GW-2100,Omni 3dBi,3.3.1,2025-11-14,2022-04-17,,769
0A:F8:DC:B9:8E:4B,tenant_a,Schaltschrank,Baden-Württemberg,GW-8800X,Yagi 9dBi,2.15.1,,2022-08-13,,43
0E:40:56:A2:CD:08,tenant_a,Gebäude,Hessen,GW-2100,Omni 3dBi,2.15.1,,2026-05-10,,359
02:7D:07:FC:97:FC,tenant_c,Außenmast,Bayern,GW-2100L,Yagi 9dBi,2.14.3,,2025-01-01,,158
0A:96:EA:CD:80:70,tenant_a,Heizraum,Hessen,GW-2100,Omni 5dBi,3.3.1,2025-11-27,2023-07-03,,208
06:F2:46:9B:50:EF,tenant_a,Gebäude,Niedersachsen,GW-3400,Omni 3dBi,2.14.3,,2020-02-23,,102
0A:A2:F2:CA:B5:0B,tenant_a,Gebäude,Bayern,GW-2100L,Omni 3dBi,3.2.0,2025-11-21,2022-12-24,,187
0A:66:3B:6B:4B:28,tenant_a,Gebäude,Baden-Württemberg,GW-2100L,Omni 5dBi,2.15.1,,2022-12-10,,136
06:C7:7F:EA:95:50,tenant_c,Schaltschrank,Bayern,GW-2100,Omni 5dBi,3.2.0,2025-11-15,2024-03-14,,54
0A:61:E3:16:51:58,tenant_b,Außenmast,Baden-Württemberg,GW-2100L,Panel 7dBi,2.15.1,,2021-01-07,,199
0E:0C:3E:B7:91:5D,tenant_a,Heizraum,Baden-Württemberg,GW-2100,Omni 3dBi,2.14.3,,2024-03-05,,92
0A:A4:B0:65:E5:A5,tenant_c,Gebäude,Niedersachsen,GW-2100,Omni 5dBi,3.2.0,2025-11-22,2021-09-10,,125
06:23:8E:E3:BE:6C,tenant_b,Gebäude,Nordrhein-Westfalen,GW-2100,Panel 7dBi,2.15.1,,2025-02-07,,228
0A:15:BC:62:8A:FC,tenant_b,Gebäude,Nordrhein-Westfalen,GW-3400,Omni 3dBi,3.3.1,2025-11-19,2023-07-20,,109
06:AE:E1:81:F5:95,tenant_d,Kellerraum,Niedersachsen,GW-2100,Omni 5dBi,2.15.1,,2020-09-23,,340
0A:80:01:88:C2:0F,tenant_b,Gebäude,Baden-Württemberg,GW-3400,Omni 5dBi,3.2.0,2025-11-05,2024-05-25,,204
0E:3D:06:A0:7E:94,tenant_a,Gebäude,Baden-Württemberg,GW-2100L,Omni 5dBi,3.2.0,2025-11-12,2021-04-10,2025-12-17,113
0A:62:EE:CE:EB:D1,tenant_c,Gebäude,Baden-Württemberg,GW-2100L,Omni 5dBi,2.15.1,,2025-03-07,,251
06:AA:1D:E7:0C:BF,tenant_d,Heizraum,Niedersachsen,GW-2100,Omni 5dBi,3.2.0,2025-11-20,2024-05-11,,69
06:FE:DE:0E:77:89,tenant_a,Gebäude,Bayern,GW-2100,Yagi 9dBi,2.15.1,,2026-07-05,,70
0E:61:D3:4F:99:93,tenant_c,Gebäude,Hessen,GW-2100,Yagi 9dBi,3.3.1,2025-11-15,2019-12-09,,169
0A:E6:BF:39:C7:20,tenant_a,Heizraum,Bayern,GW-2100,Omni 3dBi,3.2.0,2025-11-24,2020-05-18,,77
0A:FE:70:2B:B0:93,tenant_d,Heizraum,Sachsen,GW-2100,Panel 7dBi,3.2.0,2025-11-24,2023-02-19,,222
0E:34:28:2F:4B:53,tenant_a,Gebäude,Sachsen,GW-3400,Omni 5dBi,2.14.3,,2021-03-28,,209
0A:C4:37:02:3B:18,tenant_b,Gebäude,Nordrhein-Westfalen,GW-2100L,Omni 3dBi,2.15.1,,2022-05-17,,138
06:D3:88:A1:9D:5D,tenant_d,Gebäude,Nordrhein-Westfalen,GW-2100,Omni 3dBi,2.14.3,,2021-09-15,,130
06:C9:8D:F4:F0:FA,tenant_c,Gebäude,Baden-Württemberg,GW-2100L,Panel 7dBi,2.15.1,,2022-12-20,,263
02:D4:9A:34:B2:FE,tenant_b,Gebäude,Bayern,GW-2100,Omni 5dBi,3.2.0,2025-11-06,2025-04-10,,418
0A:A2:81:8A:7B:27,tenant_b,Gebäude,Sachsen,GW-2100,Omni 3dBi,3.2.0,2025-11-14,2020-09-30,,196
0E:31:C4:29:C1:85,tenant_a,Schaltschrank,Bayern,GW-2100L,Omni 3dBi,3.2.0,2025-11-12,2019-06-17,,87
0A:5D:01:7E:40:1E,tenant_a,Außenmast,Sachsen,GW-3400,Panel 7dBi,3.2.0,2025-11-18,2025-01-21,,213
0E:1C:62:2E:61:BC,tenant_a,Gebäude,Hessen,GW-2100L,Omni 5dBi,2.15.1,,2020-05-20,,94
0A:63:90:E0:FB:A4,tenant_a,Gebäude,Niedersachsen,GW-2100,Panel 7dBi,2.15.1,,2019-03-10,,57
02:78:E0:6A:2F:67,tenant_a,Außenmast,Hessen,GW-3400,Omni 5dBi,2.15.1,,2023-02-09,,90
02:45:70:73:9D:E0,tenant_b,Außenmast,Nordrhein-Westfalen,GW-3400,Panel 7dBi,3.3.1,2025-11-20,2020-02-09,,106
0A:7A:C5:BD:AF:86,tenant_a,Gebäude,Baden-Württemberg,GW-2100,Panel 7dBi,3.2.0,2025-11-07,2022-09-13,,305
0E:03:D8:F6:98:53,tenant_c,Gebäude,Sachsen,GW-2100,Omni 3dBi,3.3.1,2025-11-29,2023-01-07,,69
06:56:37:7B:30:78,tenant_a,Heizraum,Baden-Württemberg,GW-2100,Omni 3dBi,3.2.0,,2026-01-22,,42
0A:87:B8:C2:73:4F,tenant_a,Heizraum,Hessen,GW-2100,Panel 7dBi,3.2.0,2025-11-10,2021-12-09,,154
0A:5E:96:44:93:74,tenant_a,Schaltschrank,Sachsen,GW-2100L,Omni 3dBi,3.2.0,2025-11-18,2020-01-25,,65
0E:9A:30:D9:27:A5,tenant_b,Kellerraum,Niedersachsen,GW-2100L,Omni 3dBi,2.14.3,,2023-02-17,,301
02:14:58:26:10:3B,tenant_c,Schaltschrank,Hessen,GW-3400,Panel 7dBi,3.3.1,2025-11-07,2020-03-14,,129
02:93:91:8A:96:3F,tenant_a,Außenmast,Niedersachsen,GW-2100,Omni 5dBi,3.2.0,2025-11-16,2024-06-08,,102
0E:E5:87:92:72:63,tenant_a,Heizraum,Bayern,GW-2100L,Omni 5dBi,3.2.0,,2026-03-02,,195
06:C0:D5:E3:BC:DB,tenant_b,Gebäude,Nordrhein-Westfalen,GW-2100L,Omni 5dBi,2.15.1,,2022-08-05,,251
06:93:09:6C:4C:42,tenant_b,Schaltschrank,Niedersachsen,GW-2100L,Omni 5dBi,2.15.1,,2022-10-04,2025-10-03,306
0A:BD:2E:51:3F:79,tenant_a,Außenmast,Sachsen,GW-2100L,Panel 7dBi,2.14.3,,2023-08-10,,189
0E:09:A0:FC:83:8D,tenant_a,Gebäude,Bayern,GW-2100,Yagi 9dBi,3.3.1,,2026-02-01,,56
02:0C:C6:FB:96:59,tenant_a,Heizraum,Baden-Württemberg,GW-2100L,Panel 7dBi,2.15.1,,2023-06-08,,208
0A:68:DF:0B:3D:07,tenant_a,Heizraum,Bayern,GW-2100,Omni 3dBi,2.15.1,,2025-04-25,,146
0A:48:56:68:F5:C0,tenant_b,Heizraum,Nordrhein-Westfalen,GW-3400,Omni 5dBi,2.15.1,,2024-04-25,,127
0A:71:A6:F9:D6:C6,tenant_a,Heizraum,Hessen,GW-3400,Omni 5dBi,2.15.1,,2023-06-23,,279
0E:D5:05:7E:CE:3F,tenant_a,Schaltschrank,Hessen,GW-2100L,Omni 5dBi,3.2.0,2025-11-28,2020-11-30,,357
06:D7:F6:C7:3E:0C,tenant_a,Schaltschrank,Niedersachsen,GW-3400,Omni 5dBi,3.3.1,2025-11-24,2020-09-24,,244
0A:9A:3B:FD:6C:9B,tenant_a,Gebäude,Nordrhein-Westfalen,GW-2100,Omni 3dBi,3.2.0,2025-11-05,2021-03-10,,129
02:9D:A2:6B:1A:92,tenant_a,Gebäude,Niedersachsen,GW-2100,Omni 5dBi,2.14.3,,2025-05-09,,109
0E:A2:2C:FA:3A:24,tenant_b,Gebäude,Niedersachsen,GW-2100,Omni 3dBi,3.2.0,2025-11-29,2022-11-17,,141
0E:C8:A3:5D:0C:20,tenant_d,Außenmast,Baden-Württemberg,GW-2100,Omni 3dBi,3.2.0,2025-11-11,2025-01-11,,151
0E:0E:29:96:F5:1A,tenant_b,Heizraum,Baden-Württemberg,GW-2100,Panel 7dBi,2.14.3,,2021-01-13,,92
0E:11:3B:01:A9:A2,tenant_a,Schaltschrank,Niedersachsen,GW-2100,Omni 5dBi,2.15.1,,2020-05-18,,59
0A:10:37:E9:0A:63,tenant_d,Außenmast,Hessen,GW-2100,Yagi 9dBi,2.14.3,,2023-11-29,,228
0A:B4:10:18:41:43,tenant_a,Gebäude,Sachsen,GW-2100,Omni 5dBi,2.14.3,,2021-07-04,2025-10-30,197
0E:29:3C:5E:46:50,tenant_a,Gebäude,Bayern,GW-2100,Omni 5dBi,2.15.1,,2023-04-03,,57
0A:52:DD:E8:96:BF,tenant_d,Gebäude,Niedersachsen,GW-2100L,Omni 5dBi,2.14.3,,2024-09-06,,44
02:F5:6F:7C:8E:0B,tenant_a,Heizraum,Nordrhein-Westfalen,GW-3400,Panel 7dBi,2.14.3,,2021-10-30,,167
06:FD:A7:D7:B2:2A,tenant_a,Gebäude,Hessen,GW-2100,Panel 7dBi,3.2.0,2025-11-20,2022-02-20,,245
02:B7:42:64:6A:0E,tenant_a,Gebäude,Sachsen,GW-2100,Panel 7dBi,3.2.0,2025-11-30,2025-06-24,2026-02-25,147
02:E1:C7:0E:46:D1,tenant_b,Schaltschrank,Bayern,GW-2100,Yagi 9dBi,2.15.1,,2026-07-14,,82
0A:27:2C:5A:2C:9B,tenant_a,Gebäude,Bayern,GW-2100,Omni 3dBi,3.3.1,2025-11-27,2024-06-04,,70
0A:68:2E:D9:C6:DD,tenant_a,Heizraum,Hessen,GW-2100,Omni 5dBi,3.3.1,2025-11-19,2019-08-04,,217
06:13:2D:73:96:F8,tenant_a,Gebäude,Nordrhein-Westfalen,GW-3400,Omni 3dBi,2.14.3,,2021-09-01,,96
02:F1:8E:EE:02:8A,tenant_a,Außenmast,Hessen,GW-2100,Omni 3dBi,2.14.3,,2024-12-12,,446
0E:6D:2C:BA:ED:41,tenant_c,Gebäude,Nordrhein-Westfalen,GW-2100,Panel 7dBi,3.2.0,2025-11-15,2020-06-07,,146
06:34:F7:8D:B4:C5,tenant_a,Kellerraum,Nordrhein-Westfalen,GW-2100,Omni 3dBi,3.3.1,2025-11-14,2022-04-20,,68
06:F4:0E:A8:76:63,tenant_a,Gebäude,Niedersachsen,GW-2100,Omni 3dBi,3.3.1,2025-11-06,2022-04-26,,148
0E:B0:4F:21:14:F4,tenant_c,Kellerraum,Nordrhein-Westfalen,GW-3400,Omni 3dBi,2.15.1,,2021-11-05,,259
0E:D4:05:2A:27:63,tenant_b,Heizraum,Bayern,GW-2100,Omni 5dBi,3.2.0,2025-11-24,2020-03-02,,273
06:86:FF:F4:B8:46,tenant_d,Gebäude,Bayern,GW-2100,Omni 3dBi,2.15.1,,2026-07-05,,65
0A:FB:7B:31:19:96,tenant_a,Gebäude,Niedersachsen,GW-2100,Omni 3dBi,2.15.1,,2020-10-03,,193
0E:55:F2:8A:B5:69,tenant_b,Kellerraum,Bayern,GW-2100,Panel 7dBi,2.15.1,,2024-04-23,,99
0E:75:2F:1B:29:5C,tenant_a,Gebäude,Hessen,GW-2100,Omni 3dBi,2.14.3,,2022-08-24,,323
02:F0:93:C8:8F:2E,tenant_d,Gebäude,Nordrhein-Westfalen,GW-2100,Omni 3dBi,3.2.0,2025-11-04,2024-01-14,,127
0A:68:A2:03:24:50,tenant_a,Gebäude,Nordrhein-Westfalen,GW-3400,Panel 7dBi,2.15.1,,2020-04-18,,136
02:57:E8:55:DB:CE,tenant_a,Gebäude,Nordrhein-Westfalen,GW-3400,Omni 5dBi,2.15.1,,2022-10-08,,125
02:39:AD:51:B7:AF,tenant_a,Heizraum,Hessen,GW-2100,Omni 3dBi,2.14.3,,2020-11-22,,109
0E:50:A5:B2:E5:C4,tenant_a,Außenmast,Hessen,GW-2100,Omni 3dBi,2.15.1,,2024-07-14,,344
0A:A2:96:FF:24:7D,tenant_b,Schaltschrank,Nordrhein-Westfalen,GW-3400,Panel 7dBi,3.2.0,2025-11-28,2022-10-12,,273
06:90:3F:98:8F:32,tenant_b,Außenmast,Sachsen,GW-2100,Omni 3dBi,2.14.3,,2019-12-22,2025-09-22,338
02:8C:C0:AE:57:19,tenant_d,Gebäude,Niedersachsen,GW-3400,Yagi 9dBi,3.2.0,2025-11-14,2023-12-24,,185
0A:56:8E:79:FE:F6,tenant_c,Gebäude,Bayern,GW-2100L,Yagi 9dBi,3.3.1,2025-11-20,2021-09-16,,94
0E:69:78:32:62:BE,tenant_c,Gebäude,Hessen,GW-2100,Omni 5dBi,2.15.1,,2024-05-22,,201
0A:6D:A0:C8:2C:CB,tenant_a,Gebäude,Bayern,GW-2100,Omni 5dBi,2.15.1,,2020-07-18,,174
06:D0:34:22:53:A0,tenant_c,Schaltschrank,Baden-Württemberg,GW-2100,Panel 7dBi,2.15.1,,2020-04-07,,63
0E:D1:E9:DB:D5:93,tenant_a,Gebäude,Hessen,GW-2100,Omni 3dBi,3.2.0,2025-11-19,2025-02-08,,282
02:6A:60:07:FA:48,tenant_a,Gebäude,Baden-Württemberg,GW-3400,Omni 3dBi,2.15.1,,2022-03-25,,208
06:B6:41:B7:5B:29,tenant_a,Außenmast,Bayern,GW-2100,Omni 3dBi,3.2.0,2025-11-26,2024-10-08,,442
02:B5:C5:AD:C7:92,tenant_a,Schaltschrank,Hessen,GW-2100,Omni 3dBi,2.14.3,,2019-03-04,,121
0A:A9:05:1F:FF:FA,tenant_a,Gebäude,Bayern,GW-2100,Omni 3dBi,3.3.1,2025-11-22,2022-02-10,,156
02:3A:DD:DE:CF:84,tenant_d,Gebäude,Niedersachsen,GW-2100,Omni 5dBi,2.15.1,,2020-05-31,,60
0A:F5:1D:7D:0F:73,tenant_a,Gebäude,Hessen,GW-2100L,Panel 7dBi,3.2.0,2025-11-21,2020-06-07,,254
0E:BF:1B:27:CD:E1,tenant_a,Heizraum,Niedersachsen,GW-2100,Omni 3dBi,2.15.1,,2023-04-17,,61
0E:9D:C9:14:D8:DF,tenant_a,Heizraum,Bayern,GW-2100L,Omni 5dBi,3.2.0,2025-11-24,2024-11-23,,151
02:D3:28:9B:90:7C,tenant_d,Gebäude,Baden-Württemberg,GW-2100L,Omni 3dBi,3.2.0,,2026-03-09,,110
06:16:F2:47:08:3A,tenant_a,Kellerraum,Nordrhein-Westfalen,GW-2100,Omni 3dBi,3.3.1,2025-11-03,2023-11-20,,546
06:B1:62:DC:93:E3,tenant_a,Gebäude,Bayern,GW-3400,Panel 7dBi,2.15.1,,2020-12-22,,168
0E:5F:36:E6:26:04,tenant_c,Gebäude,Nordrhein-Westfalen,GW-2100L,Omni 5dBi,3.3.1,,2026-03-15,,49
02:8A:7D:BC:98:20,tenant_b,Gebäude,Bayern,GW-2100L,Omni 5dBi,3.2.0,,2026-01-31,,227
0A:E2:1E:7A:17:E4,tenant_c,Außenmast,Baden-Württemberg,GW-2100,Omni 3dBi,3.2.0,2025-11-20,2025-05-01,,205
0E:AE:FE:AE:FB:09,tenant_a,Gebäude,Nordrhein-Westfalen,GW-2100,Omni 3dBi,3.3.1,2025-11-05,2022-10-28,,330
0E:F0:23:E6:45:2D,tenant_b,Gebäude,Nordrhein-Westfalen,GW-2100,Omni 5dBi,3.3.1,2025-11-21,2022-06-10,,123
0E:2B:F8:1D:64:C4,tenant_a,Außenmast,Sachsen,GW-2100,Yagi 9dBi,3.3.1,,2026-02-17,,107
06:85:53:B3:AA:23,tenant_b,Gebäude,Sachsen,GW-3400,Omni 3dBi,3.3.1,2025-11-13,2022-09-27,,114
0A:EF:2E:5A:50:F0,tenant_a,Gebäude,Bayern,GW-2100L,Omni 5dBi,2.15.1,,2026-05-07,,135
0E:89:2C:46:A4:42,tenant_a,Schaltschrank,Hessen,GW-2100,Omni 3dBi,3.2.0,2025-11-28,2025-02-26,,150
0E:C6:70:72:88:3C,tenant_b,Schaltschrank,Baden-Württemberg,GW-2100L,Omni 3dBi,3.3.1,,2026-02-10,,223
02:A3:A2:13:EE:C1,tenant_a,Außenmast,Bayern,GW-2100L,Panel 7dBi,3.2.0,,2026-01-11,,210
06:4C:94:C7:71:EC,tenant_d,Schaltschrank,Niedersachsen,GW-2100,Panel 7dBi,3.2.0,2025-11-10,2020-09-24,,205
0E:F4:7B:41:0B:41,tenant_b,Gebäude,Bayern,GW-3400,Omni 3dBi,3.3.1,2025-11-17,2024-02-28,,137
06:DF:11:8D:79:89,tenant_b,Gebäude,Sachsen,GW-2100,Omni 3dBi,2.14.3,,2025-05-07,2025-10-17,54
06:EA:13:6A:29:96,tenant_a,Gebäude,Bayern,GW-3400,Omni 5dBi,3.3.1,2025-11-26,2020-11-08,,205
0E:53:03:C8:2F:CB,tenant_c,Außenmast,Sachsen,GW-2100,Omni 3dBi,3.2.0,,2026-01-14,,238
02:28:A9:9E:E3:5A,tenant_c,Außenmast,Niedersachsen,GW-2100,Omni 3dBi,3.2.0,2025-11-26,2025-03-20,,121
0A:10:A5:A5:05:6E,tenant_a,Heizraum,Sachsen,GW-2100L,Omni 3dBi,2.14.3,,2023-05-19,,210
02:7F:E9:CE:D4:89,tenant_a,Gebäude,Bayern,GW-2100,Omni 3dBi,3.3.1,2025-11-20,2024-02-05,,67
06:F4:4C:2A:64:BD,tenant_a,Gebäude,Hessen,GW-2100,Panel 7dBi,2.15.1,,2026-06-12,,329
0E:E0:71:F7:B2:4A,tenant_a,Gebäude,Niedersachsen,GW-2100,Panel 7dBi,2.14.3,,2023-11-13,,142
0A:95:47:C1:1A:56,tenant_b,Heizraum,Nordrhein-Westfalen,GW-2100,Omni 3dBi,3.3.1,2025-11-09,2019-06-14,,244
06:78:75:26:FE:B3,tenant_a,Gebäude,Nordrhein-Westfalen,GW-2100L,Omni 5dBi,3.2.0,2025-11-06,2024-10-29,,47
0A:35:28:D0:89:D9,tenant_a,Schaltschrank,Nordrhein-Westfalen,GW-2100L,Omni 3dBi,3.2.0,2025-11-21,2019-12-16,,166
06:BA:74:DE:34:43,tenant_a,Gebäude,Sachsen,GW-2100,Panel 7dBi,3.3.1,,2026-03-08,,822
0A:57:33:86:57:F8,tenant_a,Kellerraum,Hessen,GW-3400,Omni 3dBi,3.2.0,2025-11-07,2022-08-09,,88
0E:5C:D9:B1:9D:CB,tenant_a,Schaltschrank,Hessen,GW-2100,Omni 5dBi,3.3.1,2025-11-15,2020-07-05,,281
06:4A:ED:1E:C0:AA,tenant_c,Heizraum,Nordrhein-Westfalen,GW-2100,Omni 3dBi,3.2.0,2025-11-16,2023-06-26,,195
06:71:1B:E6:AD:2A,tenant_b,Gebäude,Nordrhein-Westfalen,GW-3400,Omni 3dBi,3.2.0,2025-11-05,2023-06-27,,117
06:0E:E3:CB:47:79,tenant_a,Gebäude,Nordrhein-Westfalen,GW-2100L,Omni 3dBi,3.2.0,2025-11-19,2024-09-15,,69
02:D4:DF:EF:40:2A,tenant_a,Gebäude,Bayern,GW-2100,Omni 3dBi,3.2.0,2025-11-26,2025-03-07,,132
06:44:58:22:57:D9,tenant_a,Gebäude,Nordrhein-Westfalen,GW-2100,Omni 5dBi,3.3.1,2025-11-16,2023-01-17,,140
0A:63:24:E3:E0:43,tenant_a,Kellerraum,Bayern,GW-2100L,Panel 7dBi,2.15.1,,2025-01-12,,143
0E:E5:1B:79:E8:53,tenant_a,Gebäude,Hessen,GW-2100L,Panel 7dBi,2.15.1,,2022-10-04,,97
02:CF:FA:3A:3F:35,tenant_b,Gebäude,Bayern,GW-2100L,Omni 5dBi,2.15.1,,2020-07-09,,103
0A:58:FA:D2:6D:9D,tenant_a,Heizraum,Baden-Württemberg,GW-2100,Omni 5dBi,3.3.1,,2026-01-05,,77
02:EB:C6:CD:43:98,tenant_a,Außenmast,Baden-Württemberg,GW-2100,Omni 5dBi,3.2.0,2025-11-22,2022-12-29,2026-02-04,109
06:1A:43:22:74:5C,tenant_d,Gebäude,Baden-Württemberg,GW-2100,Omni 5dBi,2.15.1,,2021-01-01,,173
0A:19:C6:2F:4F:6D,tenant_d,Heizraum,Baden-Württemberg,GW-2100L,Omni 3dBi,3.3.1,2025-11-23,2021-07-07,,77
0A:84:07:CF:4D:85,tenant_a,Schaltschrank,Baden-Württemberg,GW-2100,Panel 7dBi,3.2.0,2025-11-28,2023-09-17,,236
02:09:7A:B5:8D:3C,tenant_a,Gebäude,Baden-Württemberg,GW-2100,Omni 3dBi,3.2.0,2025-11-03,2025-01-03,,315
02:9A:2B:32:D1:7E,tenant_b,Kellerraum,Nordrhein-Westfalen,GW-2100,Omni 3dBi,3.2.0,2025-11-03,2020-12-14,,194
0A:4C:88:4F:24:0A,tenant_c,Außenmast,Baden-Württemberg,GW-2100L,Omni 5dBi,2.14.3,,2024-11-04,,223
0A:EF:10:F3:A9:94,tenant_a,Heizraum,Sachsen,GW-2100L,Panel 7dBi,3.3.1,2025-11-13,2019-06-07,2025-12-24,72
0A:27:78:A3:1B:E3,tenant_c,Gebäude,Hessen,GW-3400,Omni 5dBi,3.2.0,2025-11-04,2025-05-21,,140
0A:22:62:2C:25:92,tenant_a,Gebäude,Baden-Württemberg,GW-2100,Panel 7dBi,3.3.1,,2026-02-11,,93
0E:1D:7C:A1:DB:0C,tenant_a,Gebäude,Baden-Württemberg,GW-3400,Omni 5dBi,2.14.3,,2024-12-11,,525
06:C6:62:18:0A:40,tenant_a,Gebäude,Niedersachsen,GW-2100L,Omni 5dBi,2.14.3,,2026-06-26,,120
02:47:8C:D9:0F:3A,tenant_c,Heizraum,Nordrhein-Westfalen,GW-2100L,Omni 5dBi,3.2.0,2025-11-09,2025-02-09,,106
0A:A4:73:D2:FC:17,tenant_a,Schaltschrank,Hessen,GW-3400,Yagi 9dBi,2.14.3,,2022-08-29,,202
02:71:37:43:6C:87,tenant_b,Heizraum,Hessen,GW-2100,Omni 5dBi,3.2.0,2025-11-04,2021-06-23,,482
06:F4:9B:D8:F5:72,tenant_d,Außenmast,Sachsen,GW-2100L,Omni 5dBi,2.15.1,,2023-10-20,,149
0A:97:4F:5D:7D:8C,tenant_a,Gebäude,Nordrhein-Westfalen,GW-2100L,Omni 5dBi,2.15.1,,2019-06-15,,62
0A:D2:76:FC:5E:27,tenant_a,Gebäude,Hessen,GW-2100,Omni 5dBi,3.3.1,2025-11-11,2022-12-23,,147
0E:7A:8A:54:14:C2,tenant_a,Außenmast,Bayern,GW-3400,Panel 7dBi,3.2.0,2025-11-15,2020-10-16,,235
0E:B2:E2:19:FE:AD,tenant_a,Gebäude,Bayern,GW-2100,Omni 3dBi,3.3.1,,2026-03-13,,389
0E:E3:17:BA:7C:52,tenant_c,Gebäude,Hessen,GW-2100L,Omni 3dBi,2.14.3,,2022-12-13,,107
06:9F:B4:58:5F:6E,tenant_a,Heizraum,Hessen,GW-2100,Omni 3dBi,3.3.1,,2026-01-19,,70
02:BA:D9:19:85:5D,tenant_b,Kellerraum,Bayern,GW-2100,Omni 5dBi,2.14.3,,2023-11-23,,82
02:FB:DD:4A:2C:43,tenant_b,Schaltschrank,Sachsen,GW-2100,Yagi 9dBi,2.15.1,,2024-07-31,,78
06:93:57:B9:F1:5F,tenant_a,Gebäude,Hessen,GW-2100,Panel 7dBi,2.14.3,,2022-12-14,,204
0E:D1:1B:64:81:0A,tenant_a,Schaltschrank,Hessen,GW-2100,Omni 3dBi,2.15.1,,2026-07-01,,130
0E:25:75:C7:EE:05,tenant_a,Gebäude,Bayern,GW-2100,Omni 3dBi,3.2.0,2025-11-10,2024-04-03,,225
0E:97:61:D8:EB:58,tenant_a,Gebäude,Baden-Württemberg,GW-2100L,Omni 3dBi,3.2.0,2025-11-16,2024-05-16,,324
0A:46:73:79:3B:3E,tenant_b,Außenmast,Sachsen,GW-2100,Yagi 9dBi,2.14.3,,2023-09-12,,549
06:F1:70:E6:BB:03,tenant_a,Gebäude,Bayern,GW-2100L,Omni 5dBi,3.3.1,,2026-01-29,,168
06:9A:98:DE:EB:1D,tenant_a,Heizraum,Bayern,GW-2100L,Panel 7dBi,3.2.0,2025-11-19,2020-03-27,,262
02:83:A1:86:85:C4,tenant_a,Heizraum,Hessen,GW-2100,Omni 5dBi,3.2.0,,2026-02-15,,176
02:14:06:F5:63:96,tenant_a,Gebäude,Bayern,GW-3400,Panel 7dBi,3.3.1,,2026-02-01,,338
0A:18:2E:FD:3C:61,tenant_c,Außenmast,Baden-Württemberg,GW-2100,Omni 3dBi,3.2.0,2025-11-16,2022-10-31,,124
0A:D2:C9:2E:97:56,tenant_a,Gebäude,Hessen,GW-2100,Omni 5dBi,3.2.0,2025-11-14,2023-04-23,,198
02:02:CB:0A:6B:1F,tenant_a,Gebäude,Sachsen,GW-2100,Omni 3dBi,3.2.0,2025-11-10,2024-05-26,,166
0A:37:FE:F5:82:2D,tenant_c,Gebäude,Sachsen,GW-2100,Omni 3dBi,3.3.1,,2026-02-28,,220
0E:4C:E5:FB:44:05,tenant_b,Heizraum,Bayern,GW-2100L,Yagi 9dBi,3.2.0,2025-11-12,2023-02-19,,398
06:4B:E1:9B:0A:9E,tenant_a,Schaltschrank,Niedersachsen,GW-2100L,Omni 3dBi,2.15.1,,2019-05-14,,143
02:1D:82:B5:6A:3F,tenant_a,Außenmast,Baden-Württemberg,GW-2100,Panel 7dBi,2.15.1,,2021-03-10,2025-11-27,131
02:3A:66:3E:FD:87,tenant_a,Gebäude,Niedersachsen,GW-2100L,Omni 3dBi,2.14.3,,2019-12-30,,202
02:24:76:A1:B6:57,tenant_b,Kellerraum,Bayern,GW-2100L,Omni 5dBi,3.2.0,,2026-02-03,,148
06:2E:A1:13:79:8F,tenant_b,Heizraum,Hessen,GW-2100L,Omni 3dBi,3.2.0,2025-11-13,2019-05-12,,179
02:2D:B4:7C:41:AC,tenant_a,Außenmast,Bayern,GW-2100,Omni 5dBi,2.15.1,,2023-09-13,,136
02:32:70:32:0B:57,tenant_a,Gebäude,Baden-Württemberg,GW-2100L,Omni 3dBi,3.2.0,2025-11-24,2023-05-03,,127
0A:18:4A:2E:46:B7,tenant_a,Außenmast,Baden-Württemberg,GW-2100,Omni 3dBi,3.2.0,2025-11-19,2023-06-17,,80
02:04:3B:6B:A0:8B,tenant_b,Gebäude,Hessen,GW-2100L,Panel 7dBi,3.2.0,2025-11-24,2022-02-11,,475
0E:84:17:B0:8F:C9,tenant_b,Heizraum,Niedersachsen,GW-2100,Omni 3dBi,2.15.1,,2026-05-18,,281
0A:B6:B4:5C:77:5A,tenant_c,Heizraum,Niedersachsen,GW-2100,Omni 5dBi,3.3.1,2025-11-25,2021-10-05,,199
02:9C:03:C2:BF:19,tenant_a,Kellerraum,Baden-Württemberg,GW-3400,Omni 3dBi,3.2.0,2025-11-07,2025-03-19,,107
02:A8:02:92:CB:97,tenant_a,Schaltschrank,Bayern,GW-2100L,Omni 3dBi,2.15.1,,2023-10-15,,106
0A:A3:F1:8D:E5:50,tenant_a,Gebäude,Niedersachsen,GW-3400,Omni 3dBi,3.2.0,2025-11-23,2022-08-10,,131
0E:69:C6:4B:6E:57,tenant_a,Schaltschrank,Sachsen,GW-2100,Omni 5dBi,2.15.1,,2024-04-02,,184
06:64:30:BA:51:19,tenant_c,Außenmast,Bayern,GW-2100,Omni 5dBi,3.2.0,2025-11-26,2023-06-10,,399
0A:6D:35:95:37:3D,tenant_a,Gebäude,Baden-Württemberg,GW-2100,Omni 5dBi,2.15.1,,2023-01-28,,152
02:53:BB:40:ED:A6,tenant_b,Kellerraum,Bayern,GW-2100,Omni 3dBi,2.14.3,,2023-03-11,,281
02:F9:8E:B3:4A:7A,tenant_b,Gebäude,Nordrhein-Westfalen,GW-2100,Omni 5dBi,3.3.1,2025-11-16,2023-04-23,,321
0A:0B:47:66:4A:85,tenant_a,Außenmast,Hessen,GW-2100L,Omni 5dBi,3.2.0,2025-11-30,2024-11-08,,40
0A:26:8A:7E:40:CD,tenant_a,Schaltschrank,Nordrhein-Westfalen,GW-2100,Omni 3dBi,2.14.3,,2022-01-17,,123
0A:8E:A8:7B:B0:37,tenant_a,Gebäude,Baden-Württemberg,GW-2100,Yagi 9dBi,2.15.1,,2021-04-12,,320
0E:A0:61:00:78:95,tenant_a,Heizraum,Nordrhein-Westfalen,GW-2100L,Omni 5dBi,3.2.0,,2026-02-09,,145
0E:8F:36:DA:B9:C2,tenant_a,Gebäude,Baden-Württemberg,GW-2100,Panel 7dBi,3.2.0,2025-11-15,2024-05-21,,125
02:4D:D3:A9:AD:CA,tenant_a,Gebäude,Baden-Württemberg,GW-2100,Panel 7dBi,3.2.0,2025-11-21,2019-10-05,,187
0A:57:A6:84:E2:0B,tenant_a,Kellerraum,Nordrhein-Westfalen,GW-3400,Omni 5dBi,3.2.0,2025-11-08,2023-06-18,,153
0E:3E:13:61:EF:6B,tenant_d,Gebäude,Baden-Württemberg,GW-2100,Omni 3dBi,3.2.0,,2026-01-16,,147
0A:4E:33:E2:69:2B,tenant_a,Schaltschrank,Nordrhein-Westfalen,GW-2100,Yagi 9dBi,3.2.0,2025-11-03,2022-09-04,,170
02:13:26:77:32:8F,tenant_c,Heizraum,Hessen,GW-2100,Omni 3dBi,3.2.0,2025-11-21,2020-07-30,,311
02:98:0E:46:18:59,tenant_a,Außenmast,Nordrhein-Westfalen,GW-2100,Omni 3dBi,2.15.1,,2020-11-04,,122
02:F2:5E:3E:AE:98,tenant_a,Gebäude,Nordrhein-Westfalen,GW-2100,Omni 3dBi,2.14.3,,2026-06-21,,238
0A:A1:8F:33:0F:59,tenant_c,Gebäude,Hessen,GW-2100,Omni 5dBi,2.15.1,,2025-05-19,,156
0E:3B:FC:55:9D:93,tenant_a,Gebäude,Bayern,GW-2100L,Omni 3dBi,3.3.1,,2026-03-12,,299
0A:23:47:4F:19:44,tenant_a,Schaltschrank,Bayern,GW-2100L,Omni 3dBi,3.3.1,2025-11-09,2020-02-14,,123
0E:0A:8D:6E:B6:B9,tenant_a,Außenmast,Bayern,GW-3400,Omni 3dBi,3.3.1,2025-11-06,2025-01-24,,336
0A:39:83:03:30:84,tenant_a,Gebäude,Baden-Württemberg,GW-2100,Omni 5dBi,2.15.1,,2022-03-20,,184
0E:8B:85:66:81:5B,tenant_b,Heizraum,Sachsen,GW-2100,Omni 5dBi,2.15.1,,2020-05-14,,267
02:59:99:1B:A0:36,tenant_b,Heizraum,Niedersachsen,GW-2100,Omni 3dBi,3.3.1,2025-11-22,2019-11-18,2026-02-04,579
0E:F0:84:81:B3:33,tenant_a,Heizraum,Niedersachsen,GW-2100L,Omni 3dBi,2.14.3,,2024-07-04,,247
02:14:2F:01:77:81,tenant_c,Gebäude,Sachsen,GW-2100L,Omni 3dBi,2.14.3,,2019-03-19,,214
0E:11:F6:97:47:A8,tenant_a,Gebäude,Hessen,GW-3400,Omni 5dBi,2.14.3,,2019-11-28,,740
02:30:D2:61:A1:CD,tenant_b,Gebäude,Niedersachsen,GW-2100L,Omni 5dBi,3.3.1,2025-11-13,2022-03-08,,240
02:38:8A:18:85:4F,tenant_b,Gebäude,Niedersachsen,GW-3400,Omni 5dBi,3.2.0,2025-11-06,2019-05-08,,93
02:2C:6F:32:6E:3B,tenant_a,Gebäude,Hessen,GW-2100L,Panel 7dBi,3.3.1,2025-11-12,2024-06-19,,156
0E:FD:60:0E:26:23,tenant_d,Gebäude,Hessen,GW-3400,Omni 5dBi,3.2.0,2025-11-30,2019-08-17,,149
0E:3D:96:23:76:39,tenant_c,Schaltschrank,Niedersachsen,GW-2100L,Omni 5dBi,2.15.1,,2023-07-16,,177
0A:B9:7B:76:32:EB,tenant_b,Schaltschrank,Bayern,GW-2100,Omni 3dBi,2.15.1,,2020-02-08,,245
02:4E:D4:33:BF:7D,tenant_a,Heizraum,Bayern,GW-2100,Omni 3dBi,2.14.3,,2023-06-03,,86
0A:1F:B1:C9:8A:92,tenant_a,Gebäude,Nordrhein-Westfalen,GW-2100L,Omni 5dBi,3.2.0,2025-11-15,2024-07-23,,131
06:2C:A8:BB:55:FC,tenant_b,Schaltschrank,Baden-Württemberg,GW-2100L,Omni 3dBi,3.2.0,,2026-01-25,,195
02:C0:F4:5F:31:E7,tenant_b,Außenmast,Sachsen,GW-2100,Panel 7dBi,3.2.0,2025-11-08,2019-08-06,,75
0A:D3:9B:C5:95:EF,tenant_b,Schaltschrank,Niedersachsen,GW-2100L,Omni 3dBi,2.14.3,,2026-06-17,,153
0A:E0:37:93:58:6F,tenant_c,Außenmast,Bayern,GW-2100L,Omni 5dBi,3.2.0,2025-11-13,2022-09-03,,114
02:09:1D:F7:CC:B8,tenant_a,Gebäude,Baden-Württemberg,GW-2100,Yagi 9dBi,2.15.1,,2024-04-26,,128
0E:3A:11:41:70:2A,tenant_a,Außenmast,Bayern,GW-2100,Panel 7dBi,3.2.0,,2026-02-06,,178
0A:55:DA:26:6F:71,tenant_a,Gebäude,Sachsen,GW-2100,Yagi 9dBi,3.3.1,2025-11-10,2021-02-21,,120
0A:25:F6:E3:46:6C,tenant_b,Schaltschrank,Nordrhein-Westfalen,GW-2100,Omni 5dBi,2.15.1,,2022-10-05,,69
0E:DC:71:77:CC:A9,tenant_a,Heizraum,Nordrhein-Westfalen,GW-3400,Omni 3dBi,2.15.1,,2024-11-26,,72
0A:BE:42:BE:41:65,tenant_a,Außenmast,Baden-Württemberg,GW-2100L,Omni 3dBi,3.2.0,2025-11-29,2023-10-21,,222
02:E1:23:10:18:6C,tenant_b,Gebäude,Hessen,GW-2100L,Yagi 9dBi,3.2.0,2025-11-23,2023-04-21,,391
02:07:5B:45:BF:24,tenant_a,Gebäude,Nordrhein-Westfalen,GW-2100,Omni 3dBi,2.15.1,,2022-10-29,,146
0A:B5:F9:C2:1B:F8,tenant_c,Heizraum,Niedersachsen,GW-2100L,Panel 7dBi,3.3.1,2025-11-06,2020-08-11,,258
06:98:1F:D8:AA:87,tenant_a,Gebäude,Hessen,GW-2100L,Omni 3dBi,3.2.0,2025-11-18,2024-09-11,,139
0A:DD:02:AB:69:3D,tenant_a,Schaltschrank,Niedersachsen,GW-2100L,Omni 3dBi,3.2.0,2025-11-13,2019-12-17,,204
06:C6:76:19:09:5C,tenant_a,Gebäude,Baden-Württemberg,GW-2100L,Omni 5dBi,2.14.3,,2020-01-23,,393
0A:5C:14:39:B3:84,tenant_a,Heizraum,Bayern,GW-2100L,Omni 5dBi,3.2.0,2025-11-23,2023-09-14,,324
02:D7:62:35:52:C8,tenant_c,Heizraum,Nordrhein-Westfalen,GW-2100,Omni 5dBi,2.15.1,,2024-04-12,,141
02:30:EE:F7:24:35,tenant_b,Gebäude,Nordrhein-Westfalen,GW-3400,Omni 3dBi,2.15.1,,2023-02-07,,351
02:BC:BA:D3:0D:53,tenant_a,Schaltschrank,Bayern,GW-2100,Yagi 9dBi,2.15.1,,2026-06-05,,86
06:DA:F1:1B:D3:8F,tenant_a,Gebäude,Baden-Württemberg,GW-2100L,Omni 5dBi,3.2.0,2025-11-22,2024-06-10,,418
02:7B:2D:C4:EA:84,tenant_a,Schaltschrank,Baden-Württemberg,GW-2100L,Omni 3dBi,3.3.1,2025-11-11,2022-11-08,,294
02:BD:26:A4:C3:A0,tenant_a,Gebäude,Nordrhein-Westfalen,GW-2100L,Omni 3dBi,3.2.0,2025-11-03,2021-08-06,,247
06:F2:CD:BD:2C:41,tenant_b,Schaltschrank,Hessen,GW-2100,Omni 3dBi,3.2.0,2025-11-30,2024-03-18,,150
06:0C:57:73:A6:1B,tenant_a,Außenmast,Niedersachsen,GW-2100,Omni 3dBi,3.2.0,2025-11-06,2019-07-06,,116
06:87:F3:6E:02:C6,tenant_b,Gebäude,Nordrhein-Westfalen,GW-2100,Omni 3dBi,3.3.1,2025-11-23,2019-03-05,,302
0E:89:F7:D5:B5:BD,tenant_b,Gebäude,Bayern,GW-2100,Omni 3dBi,2.15.1,,2020-12-09,,259
0A:FF:C2:63:C0:D9,tenant_d,Außenmast,Bayern,GW-2100,Yagi 9dBi,2.15.1,,2024-04-02,,99
06:83:D2:A8:DA:42,tenant_c,Gebäude,Nordrhein-Westfalen,GW-2100L,Omni 3dBi,2.15.1,,2023-05-04,,69
0E:9C:29:FF:94:0E,tenant_c,Gebäude,Baden-Württemberg,GW-2100,Omni 3dBi,3.2.0,,2026-01-08,,124
0E:E7:8E:43:17:BB,tenant_a,Heizraum,Baden-Württemberg,GW-2100,Omni 5dBi,2.14.3,,2023-10-04,,92
0E:2D:EE:34:58:37,tenant_a,Heizraum,Bayern,GW-3400,Omni 3dBi,2.15.1,,2024-07-17,,262
0E:46:21:88:40:8C,tenant_a,Schaltschrank,Baden-Württemberg,GW-2100,Omni 3dBi,2.14.3,,2019-12-12,,175
02:87:64:AA:02:6E,tenant_b,Gebäude,Nordrhein-Westfalen,GW-3400,Omni 5dBi,2.15.1,,2023-04-08,,119
0A:78:70:1F:2D:CA,tenant_c,Kellerraum,Baden-Württemberg,GW-2100L,Panel 7dBi,3.3.1,,2026-01-10,,132
0A:F1:F0:E3:B6:40,tenant_c,Gebäude,Hessen,GW-2100,Omni 3dBi,3.3.1,2025-11-04,2023-10-16,,120
0E:1B:6F:4D:BA:34,tenant_a,Gebäude,Baden-Württemberg,GW-2100,Omni 5dBi,2.14.3,,2020-04-02,,192
06:D6:B7:01:8E:15,tenant_a,Gebäude,Niedersachsen,GW-2100L,Panel 7dBi,2.14.3,,2020-08-04,,306
